"Name","ID","State","Notes","Tags","Created","Runtime","adjacency_matrix","model","seed","training_seed","learn_scm_params","fixed_params_sharing","initialize_scm_at_gt","lr","gradient_clip_val","lr_scheduler","batch_size","flow_type","k_flows","adjacency_misspecified","exact_trace","fix_mechanisms","check_val_every_n_epoch","checkpoint_root_dir","copy_checkpoint","dgp","input_dim","latent_dim","max_epochs","intervention_type","noise_distr","noise_shift_type","scm_scale","shift_noise","val_plots_every_n_epoch","validation_plots","checkpoint_path","coeff_values","weight_decay","mixing","n_nonlinearities","data_seed","distribution_trainable","intervention_targets_per_env","lr_min","scm_coeffs_low","scm_coeffs_min_abs_value","adjacency_misspec","net_hidden_dim","net_hidden_layers","residual_n_power_series","scm_coeffs_high","brute_force","brute_force_log_det","det_terms_loss","det_terms_loss/dataloader_idx_0","epoch","jacobian_gt_log_det","jacobian_gt_log_det/dataloader_idx_0","jacobian_gt_mean","jacobian_gt_mean/dataloader_idx_0","jacobian_log_det","jacobian_log_det/dataloader_idx_0","jacobian_mean","jacobian_mean/dataloader_idx_0","loss","loss/dataloader_idx_0","mcc/dataloader_idx_0","prob_terms_loss","prob_terms_loss/dataloader_idx_0","test_amari/dataloader_idx_0","test_amari_distance/dataloader_idx_0","test_det_terms_loss/dataloader_idx_0","test_jacobian_gt_logdet/dataloader_idx_0","test_jacobian_gt_mean/dataloader_idx_0","test_jacobian_logdet/dataloader_idx_0","test_jacobian_mean/dataloader_idx_0","test_loss/dataloader_idx_0","test_loss_gt/dataloader_idx_0","test_mcc/dataloader_idx_0","test_prob_terms_loss/dataloader_idx_0","train_det_terms_loss","train_det_terms_loss_gt","train_jacobian_gt_logdet","train_jacobian_gt_mean","train_jacobian_logdet","train_jacobian_mean","train_loss","train_loss/dataloader_idx_0","train_loss_gt","train_prob_terms_loss","train_prob_terms_loss_gt","train_v_hat_mean","train_v_hat_std","train_v_mean","train_v_std","trainer/global_step","val_amari/dataloader_idx_0","val_amari_distance/dataloader_idx_0","val_det_terms_loss/dataloader_idx_0","val_jacobian_gt_logdet/dataloader_idx_0","val_jacobian_gt_mean/dataloader_idx_0","val_jacobian_logdet/dataloader_idx_0","val_jacobian_mean/dataloader_idx_0","val_loss/dataloader_idx_0","val_loss_gt/dataloader_idx_0","val_mcc/dataloader_idx_0","val_prob_terms_loss/dataloader_idx_0","val_determinant_terms","val_determinant_terms_gt","val_loss","val_loss_gt","val_mcc","val_prob_terms","val_prob_terms_gt","val_mcc_0","val_mcc_1","val_mcc_2","val_mcc_3","q0_coeffs_0_0","q0_coeffs_1_0","q0_coeffs_1_1","q0_coeffs_2_0","q0_coeffs_2_1","q0_coeffs_2_2","q0_coeffs_3_0","q0_coeffs_3_1","q0_coeffs_3_2","q0_coeffs_3_3","q0_coeffs_gt_0_0","q0_coeffs_gt_1_0","q0_coeffs_gt_1_1","q0_coeffs_gt_2_0","q0_coeffs_gt_2_1","q0_coeffs_gt_2_2","q0_coeffs_gt_3_0","q0_coeffs_gt_3_1","q0_coeffs_gt_3_2","q0_coeffs_gt_3_3","q0_noise_means_0_0","q0_noise_means_0_1","q0_noise_means_0_2","q0_noise_means_0_3","q0_noise_means_1_0","q0_noise_means_1_1","q0_noise_means_1_2","q0_noise_means_1_3","q0_noise_means_2_0","q0_noise_means_2_1","q0_noise_means_2_2","q0_noise_means_2_3","q0_noise_means_3_0","q0_noise_means_3_1","q0_noise_means_3_2","q0_noise_means_3_3","q0_noise_means_4_0","q0_noise_means_4_1","q0_noise_means_4_2","q0_noise_means_4_3","q0_noise_means_gt_0_0","q0_noise_means_gt_0_1","q0_noise_means_gt_0_2","q0_noise_means_gt_0_3","q0_noise_means_gt_1_0","q0_noise_means_gt_1_1","q0_noise_means_gt_1_2","q0_noise_means_gt_1_3","q0_noise_means_gt_2_0","q0_noise_means_gt_2_1","q0_noise_means_gt_2_2","q0_noise_means_gt_2_3","q0_noise_means_gt_3_0","q0_noise_means_gt_3_1","q0_noise_means_gt_3_2","q0_noise_means_gt_3_3","q0_noise_means_gt_4_0","q0_noise_means_gt_4_1","q0_noise_means_gt_4_2","q0_noise_means_gt_4_3","q0_noise_stds_0_0","q0_noise_stds_0_1","q0_noise_stds_0_2","q0_noise_stds_0_3","q0_noise_stds_1_0","q0_noise_stds_1_1","q0_noise_stds_1_2","q0_noise_stds_1_3","q0_noise_stds_2_0","q0_noise_stds_2_1","q0_noise_stds_2_2","q0_noise_stds_2_3","q0_noise_stds_3_0","q0_noise_stds_3_1","q0_noise_stds_3_2","q0_noise_stds_3_3","q0_noise_stds_4_0","q0_noise_stds_4_1","q0_noise_stds_4_2","q0_noise_stds_4_3","q0_noise_stds_gt_0_0","q0_noise_stds_gt_0_1","q0_noise_stds_gt_0_2","q0_noise_stds_gt_0_3","q0_noise_stds_gt_1_0","q0_noise_stds_gt_1_1","q0_noise_stds_gt_1_2","q0_noise_stds_gt_1_3","q0_noise_stds_gt_2_0","q0_noise_stds_gt_2_1","q0_noise_stds_gt_2_2","q0_noise_stds_gt_2_3","q0_noise_stds_gt_3_0","q0_noise_stds_gt_3_1","q0_noise_stds_gt_3_2","q0_noise_stds_gt_3_3","q0_noise_stds_gt_4_0","q0_noise_stds_gt_4_1","q0_noise_stds_gt_4_2","q0_noise_stds_gt_4_3","test_loss","test_mcc","test_mcc_0","test_mcc_1","test_mcc_2","test_mcc_3","q0_noise_means_5_0","q0_noise_means_5_1","q0_noise_means_5_2","q0_noise_means_5_3","q0_noise_means_6_0","q0_noise_means_6_1","q0_noise_means_6_2","q0_noise_means_6_3","q0_noise_means_7_0","q0_noise_means_7_1","q0_noise_means_7_2","q0_noise_means_7_3","q0_noise_means_8_0","q0_noise_means_8_1","q0_noise_means_8_2","q0_noise_means_8_3","q0_noise_means_gt_5_0","q0_noise_means_gt_5_1","q0_noise_means_gt_5_2","q0_noise_means_gt_5_3","q0_noise_means_gt_6_0","q0_noise_means_gt_6_1","q0_noise_means_gt_6_2","q0_noise_means_gt_6_3","q0_noise_means_gt_7_0","q0_noise_means_gt_7_1","q0_noise_means_gt_7_2","q0_noise_means_gt_7_3","q0_noise_means_gt_8_0","q0_noise_means_gt_8_1","q0_noise_means_gt_8_2","q0_noise_means_gt_8_3","q0_noise_stds_5_0","q0_noise_stds_5_1","q0_noise_stds_5_2","q0_noise_stds_5_3","q0_noise_stds_6_0","q0_noise_stds_6_1","q0_noise_stds_6_2","q0_noise_stds_6_3","q0_noise_stds_7_0","q0_noise_stds_7_1","q0_noise_stds_7_2","q0_noise_stds_7_3","q0_noise_stds_8_0","q0_noise_stds_8_1","q0_noise_stds_8_2","q0_noise_stds_8_3","q0_noise_stds_gt_5_0","q0_noise_stds_gt_5_1","q0_noise_stds_gt_5_2","q0_noise_stds_gt_5_3","q0_noise_stds_gt_6_0","q0_noise_stds_gt_6_1","q0_noise_stds_gt_6_2","q0_noise_stds_gt_6_3","q0_noise_stds_gt_7_0","q0_noise_stds_gt_7_1","q0_noise_stds_gt_7_2","q0_noise_stds_gt_7_3","q0_noise_stds_gt_8_0","q0_noise_stds_gt_8_1","q0_noise_stds_gt_8_2","q0_noise_stds_gt_8_3","val_mcc_pearson","val_mcc_pearson_0","val_mcc_pearson_1","val_mcc_pearson_2","val_mcc_pearson_3","val_mcc_spearman","val_mcc_spearman_0","val_mcc_spearman_1","val_mcc_spearman_2","val_mcc_spearman_3"
"peach-totem-830","2i200fe4","finished","select1","","2023-05-12T19:21:08.000Z","8761","[[0,0,0,0],[0,0,0,0],[0,0,0,0],[0,0,0,0]]","nonlinear","1","0","true","true","false","0.0005","","cosine","4096","spline","12","false","false","true","1","/home/akekic/repos/multi-env-crl/checkpoints_ica","false","graph-4-8","","4","100","perfect-stochastic","gaussian","mean","10","true","0","true","","[""1.0"",""1.0"",""1.0"",""1.0""]","0","nonlinear","3","","true","[[0,0,0,0],[1,0,0,0],[0,1,0,0],[0,0,1,0],[0,0,0,1]]","1e-7","-1","","false","128","3","","1","false","false","","","99","","","","","","","","","","","","","","","","","","","","","","","","","","","","","","","-8.154248237609863","","","","","","","","","19600","","","","","","","","","","","","8.008807182312012","","-8.008807182312012","-8.09939956665039","0.9683974385261536","-3.7945127487182617","-5.6756062507629395","0.9845597147941588","0.9771901369094848","0.9324572682380676","0.9793826341629028","0.5332934856414795","0.44882702827453613","","0.8451004028320312","","","0.4111821949481964","","","","1","1","","1","","","1","","","","-0.003743410110473633","0.26822179555892944","-0.4115225672721863","-0.3679695129394531","-2.3797478675842285","0.13407868146896362","-0.0099065899848938","0.3964447379112244","-0.04437202215194702","-2.4546587467193604","-0.15110653638839722","-0.09828269481658936","-0.4776742458343506","-0.33114105463027954","0.6395044326782227","0.018521785736083984","0.19766759872436523","0.30001139640808105","-0.3389705419540405","-3.0866832733154297","0","0","0","0","2","0","0","0","0","2","0","0","0","0","2","0","0","0","0","2","1.1816085577011108","1.415194034576416","0.8970999121665955","1.374155879020691","1.1657439470291138","1.0529069900512695","1.4527380466461182","0.5361648201942444","0.6852310299873352","1.3374499082565308","0.8051000237464905","1.4320003986358645","0.6759101748466492","0.7698335647583008","0.7627413868904114","0.5317195057868958","0.7081297636032104","1.4297990798950195","1.223109245300293","1.3234623670578003","1","1","1","1","1","1","1","1","1","1","1","1","1","1","1","1","1","1","1","1","-8.007561683654785","0.9685916304588318","0.9845036268234252","0.9774541854858398","0.933096706867218","0.979312002658844","","","","","","","","","","","","","","","","","","","","","","","","","","","","","","","","","","","","","","","","","","","","","","","","","","","","","","","","","","","","","","","","","","","","","","0.9704480171203612","0.9856206774711608","0.9804425835609436","0.9378947615623474","0.9778339862823486"
"celestial-plasma-840","2ifub26j","finished","select1","","2023-05-12T19:33:37.000Z","12300","[[0,0,0,0],[0,0,0,0],[0,0,0,0],[0,0,0,0]]","nonlinear","4","0","true","true","false","0.0005","","cosine","4096","spline","12","false","false","true","1","/home/akekic/repos/multi-env-crl/checkpoints_ica","false","graph-4-8","","4","100","perfect-stochastic","gaussian","mean","10","true","0","true","","[""1.0"",""1.0"",""1.0"",""1.0""]","0","nonlinear","3","","true","[[0,0,0,0],[1,0,0,0],[0,1,0,0],[0,0,1,0],[0,0,0,1]]","1e-7","-1","","false","128","3","","1","false","false","","","99","","","","","","","","","","","","","","","","","","","","","","","","","","","","","","","-7.174668788909912","","","","","","","","","19600","","","","","","","","","","","","7.385448455810547","","-7.385448455810547","-7.410120964050293","0.9871219992637634","-3.9655873775482178","-5.6756062507629395","0.9878774881362916","0.981477677822113","0.9906908869743348","0.9884419441223145","0.6380704045295715","0.5454888343811035","","0.6254624724388123","","","0.4306145906448364","","","","1","1","","1","","","1","","","","-0.003743410110473633","0.26822179555892944","-0.4115225672721863","-0.3679695129394531","2.2586281299591064","0.13407868146896362","-0.0099065899848938","0.3964447379112244","-0.04437202215194702","2.721320390701294","-0.15110653638839722","-0.09828269481658936","-0.4776742458343506","-0.33114105463027954","1.3753695487976074","0.018521785736083984","0.19766759872436523","0.30001139640808105","-0.3389705419540405","2.376854658126831","0","0","0","0","2","0","0","0","0","2","0","0","0","0","2","0","0","0","0","2","1.1816085577011108","1.415194034576416","0.8970999121665955","1.374155879020691","1.099442481994629","1.0529069900512695","1.4527380466461182","0.5361648201942444","0.6852310299873352","1.2051033973693848","0.8051000237464905","1.4320003986358645","0.6759101748466492","0.7698335647583008","0.8926392793655396","0.5317195057868958","0.7081297636032104","1.4297990798950195","1.223109245300293","1.3682823181152344","1","1","1","1","1","1","1","1","1","1","1","1","1","1","1","1","1","1","1","1","-7.365894317626953","0.9871538877487184","0.9878156185150146","0.981323540210724","0.9910253882408142","0.98845112323761","","","","","","","","","","","","","","","","","","","","","","","","","","","","","","","","","","","","","","","","","","","","","","","","","","","","","","","","","","","","","","","","","","","","","","0.9877818822860718","0.9878835678100586","0.9850713610649108","0.9909255504608154","0.9872470498085022"
"treasured-gorge-847","3kzdslqr","finished","select1","","2023-05-12T20:03:35.000Z","18172","[[0,0,0,0],[0,0,0,0],[0,0,0,0],[0,0,0,0]]","nonlinear","6","2","true","true","false","0.0005","","cosine","4096","spline","12","false","false","true","1","/home/akekic/repos/multi-env-crl/checkpoints_ica","false","graph-4-8","","4","100","perfect-stochastic","gaussian","mean","10","true","0","true","","[""1.0"",""1.0"",""1.0"",""1.0""]","0","nonlinear","3","","true","[[0,0,0,0],[1,0,0,0],[0,1,0,0],[0,0,1,0],[0,0,0,1]]","1e-7","-1","","false","128","3","","1","false","false","","","99","","","","","","","","","","","","","","","","","","","","","","","","","","","","","","","-5.998698711395264","","","","","","","","","19600","","","","","","","","","","","","5.935142993927002","","-5.935142993927002","-5.97828483581543","0.9873299598693848","-3.4892754554748535","-5.674173831939697","0.990872323513031","0.9894440174102784","0.9813531637191772","0.9876501560211182","0.8977980017662048","0.6336973309516907","","0.6673590540885925","","","0.4991532564163208","","","","1","1","","1","","","1","","","","0.11469507217407228","-0.11898714303970336","0.13711434602737427","-0.025538921356201172","-0.9190433025360109","0.11903637647628784","-0.05746734142303467","-0.40423136949539185","0.11415719985961914","-2.0195424556732178","0.06571400165557861","0.033228933811187744","-0.10994917154312134","0.4088484644889831","-1.583001732826233","0.20733922719955444","0.21159738302230835","-0.29496580362319946","-0.19221723079681396","2.3939011096954346","0","0","0","0","2","0","0","0","0","2","0","0","0","0","2","0","0","0","0","2","0.5102612972259521","0.966040849685669","0.9603751301765442","1.3546547889709473","0.5193490386009216","1.131658911705017","0.9759981632232666","0.7200266122817993","0.7166048884391785","0.9434697031974792","0.5457977652549744","0.6755088567733765","1.117674469947815","1.3290729522705078","0.867603600025177","0.7708051204681396","1.2197418212890625","0.8080636858940125","0.889240562915802","1.1816952228546145","1","1","1","1","1","1","1","1","1","1","1","1","1","1","1","1","1","1","1","1","-5.963446140289307","0.987565279006958","0.99128657579422","0.9896984100341796","0.9817041158676147","0.9875719547271729","","","","","","","","","","","","","","","","","","","","","","","","","","","","","","","","","","","","","","","","","","","","","","","","","","","","","","","","","","","","","","","","","","","","","","0.9876880645751952","0.9915502071380616","0.9882479906082152","0.9813876748085022","0.9895665049552916"
"flowing-shape-850","3lwzh3ia","finished","select1","","2023-05-12T20:32:51.000Z","14200","[[0,0,0,0],[0,0,0,0],[0,0,0,0],[0,0,0,0]]","nonlinear","7","1","true","true","false","0.0005","","cosine","4096","spline","12","false","false","true","1","/home/akekic/repos/multi-env-crl/checkpoints_ica","false","graph-4-8","","4","100","perfect-stochastic","gaussian","mean","10","true","0","true","","[""1.0"",""1.0"",""1.0"",""1.0""]","0","nonlinear","3","","true","[[0,0,0,0],[1,0,0,0],[0,1,0,0],[0,0,1,0],[0,0,0,1]]","1e-7","-1","","false","128","3","","1","false","false","","","99","","","","","","","","","","","","","","","","","","","","","","","","","","","","","","","-9.026937484741213","","","","","","","","","19600","","","","","","","","","","","","8.864972114562988","","-8.864972114562988","-9.05709457397461","0.963337779045105","-3.498988628387451","-5.672446250915527","0.955866277217865","0.9532436728477478","0.9753060340881348","0.9689350724220276","0.7638692259788513","0.760692298412323","","0.7263886332511902","","","0.810481071472168","","","","1","1","","1","","","1","","","","0.2576315999031067","-0.22068911790847776","-0.09693074226379396","0.23468446731567383","-1.0082610845565796","0.29985862970352173","-0.1028626561164856","0.2543719410896301","0.06950849294662476","-1.4796788692474363","0.13868045806884766","0.024665892124176025","0.18261408805847168","-0.19485050439834595","-1.729949712753296","-0.0450136661529541","0.0724719762802124","-0.0019974112510681152","0.43708336353302","1.637108325958252","0","0","0","0","2","0","0","0","0","2","0","0","0","0","2","0","0","0","0","2","0.813796877861023","0.6980193257331848","0.9161921739578248","0.7843296527862549","0.6528570652008057","1.0239408016204834","1.29806387424469","1.27176833152771","0.5112245678901672","0.62895667552948","1.1396819353103638","1.4742777347564695","1.3300299644470217","0.5444311499595642","0.7948411107063293","0.7588339447975159","1.4390559196472168","0.9167155027389526","1.213979721069336","0.6906717419624329","1","1","1","1","1","1","1","1","1","1","1","1","1","1","1","1","1","1","1","1","-8.859467506408691","0.9630542993545532","0.9555275440216064","0.9534306526184082","0.9748045206069946","0.968454360961914","","","","","","","","","","","","","","","","","","","","","","","","","","","","","","","","","","","","","","","","","","","","","","","","","","","","","","","","","","","","","","","","","","","","","","0.969252109527588","0.968588650226593","0.960504114627838","0.9739165902137756","0.9739992618560792"
"flowing-frog-843","3tbdmvxi","finished","select1","","2023-05-12T19:41:19.000Z","14515","[[0,0,0,0],[0,0,0,0],[0,0,0,0],[0,0,0,0]]","nonlinear","5","1","true","true","false","0.0005","","cosine","4096","spline","12","false","false","true","1","/home/akekic/repos/multi-env-crl/checkpoints_ica","false","graph-4-8","","4","100","perfect-stochastic","gaussian","mean","10","true","0","true","","[""1.0"",""1.0"",""1.0"",""1.0""]","0","nonlinear","3","","true","[[0,0,0,0],[1,0,0,0],[0,1,0,0],[0,0,1,0],[0,0,0,1]]","1e-7","-1","","false","128","3","","1","false","false","","","99","","","","","","","","","","","","","","","","","","","","","","","","","","","","","","","-7.45986270904541","","","","","","","","","19600","","","","","","","","","","","","7.442879676818848","","-7.442879676818848","-7.569120407104492","0.9717255234718324","-3.5704102516174316","-5.672446250915527","0.978973925113678","0.9843992590904236","0.9541634917259216","0.969365417957306","0.6680517792701721","0.7545830607414246","","0.8254650235176086","","","0.8502236604690552","","","","1","1","","1","","","1","","","","0.2576315999031067","-0.22068911790847776","-0.09693074226379396","0.23468446731567383","-1.3688838481903076","0.29985862970352173","-0.1028626561164856","0.2543719410896301","0.06950849294662476","1.2139874696731567","0.13868045806884766","0.024665892124176025","0.18261408805847168","-0.19485050439834595","-1.3377405405044556","-0.0450136661529541","0.0724719762802124","-0.0019974112510681152","0.43708336353302","-0.9717313051223756","0","0","0","0","2","0","0","0","0","2","0","0","0","0","2","0","0","0","0","2","0.813796877861023","0.6980193257331848","0.9161921739578248","0.7843296527862549","0.7994946837425232","1.0239408016204834","1.29806387424469","1.27176833152771","0.5112245678901672","0.7087586522102356","1.1396819353103638","1.4742777347564695","1.3300299644470217","0.5444311499595642","0.6563346982002258","0.7588339447975159","1.4390559196472168","0.9167155027389526","1.213979721069336","0.6544302701950073","1","1","1","1","1","1","1","1","1","1","1","1","1","1","1","1","1","1","1","1","-7.445584774017334","0.9716174602508544","0.9793684482574464","0.9848670959472656","0.9529963731765748","0.969237983226776","","","","","","","","","","","","","","","","","","","","","","","","","","","","","","","","","","","","","","","","","","","","","","","","","","","","","","","","","","","","","","","","","","","","","","0.9756693840026855","0.9794536828994752","0.9820351600646972","0.9684054851531982","0.972783386707306"
"dark-snowball-838","3tzxhbm0","finished","select1","","2023-05-12T19:31:50.000Z","12840","[[0,0,0,0],[0,0,0,0],[0,0,0,0],[0,0,0,0]]","nonlinear","3","1","true","true","false","0.0005","","cosine","4096","spline","12","false","false","true","1","/home/akekic/repos/multi-env-crl/checkpoints_ica","false","graph-4-8","","4","100","perfect-stochastic","gaussian","mean","10","true","0","true","","[""1.0"",""1.0"",""1.0"",""1.0""]","0","nonlinear","3","","true","[[0,0,0,0],[1,0,0,0],[0,1,0,0],[0,0,1,0],[0,0,0,1]]","1e-7","-1","","false","128","3","","1","false","false","","","99","","","","","","","","","","","","","","","","","","","","","","","","","","","","","","","-8.067923545837402","","","","","","","","","19600","","","","","","","","","","","","8.009503364562988","","-8.009503364562988","-8.341724395751953","0.9365045428276062","-3.604956865310669","-5.672446250915527","0.8919509053230286","0.9413923621177672","0.958847165107727","0.953827738761902","0.722429096698761","0.7932915091514587","","0.7583540081977844","","","0.8246461749076843","","","","1","1","","1","","","1","","","","0.2576315999031067","-0.22068911790847776","-0.09693074226379396","0.23468446731567383","-1.0092493295669556","0.29985862970352173","-0.1028626561164856","0.2543719410896301","0.06950849294662476","1.1540367603302002","0.13868045806884766","0.024665892124176025","0.18261408805847168","-0.19485050439834595","-1.6868884563446045","-0.0450136661529541","0.0724719762802124","-0.0019974112510681152","0.43708336353302","-1.1564948558807373","0","0","0","0","2","0","0","0","0","2","0","0","0","0","2","0","0","0","0","2","0.813796877861023","0.6980193257331848","0.9161921739578248","0.7843296527862549","0.7074806094169617","1.0239408016204834","1.29806387424469","1.27176833152771","0.5112245678901672","0.7260526418685913","1.1396819353103638","1.4742777347564695","1.3300299644470217","0.5444311499595642","0.7618473172187805","0.7588339447975159","1.4390559196472168","0.9167155027389526","1.213979721069336","0.7127934098243713","1","1","1","1","1","1","1","1","1","1","1","1","1","1","1","1","1","1","1","1","-8.01303768157959","0.935926616191864","0.8912666440010071","0.9409291744232178","0.9574701189994812","0.9540406465530396","","","","","","","","","","","","","","","","","","","","","","","","","","","","","","","","","","","","","","","","","","","","","","","","","","","","","","","","","","","","","","","","","","","","","","0.9383490085601808","0.898238480091095","0.9407120943069458","0.9608128666877748","0.9536325931549072"
"helpful-universe-828","9vwkn3b1","finished","select1","","2023-05-12T19:18:44.000Z","7114","[[0,0,0,0],[0,0,0,0],[0,0,0,0],[0,0,0,0]]","nonlinear","0","1","true","true","false","0.0005","","cosine","4096","spline","12","false","false","true","1","/home/akekic/repos/multi-env-crl/checkpoints_ica","false","graph-4-8","","4","100","perfect-stochastic","gaussian","mean","10","true","0","true","","[""1.0"",""1.0"",""1.0"",""1.0""]","0","nonlinear","3","","true","[[0,0,0,0],[1,0,0,0],[0,1,0,0],[0,0,1,0],[0,0,0,1]]","1e-7","-1","","false","128","3","","1","false","false","","","99","","","","","","","","","","","","","","","","","","","","","","","","","","","","","","","-8.850506782531738","","","","","","","","","19600","","","","","","","","","","","","8.844877243041992","","-8.844877243041992","-8.929737091064453","0.9782002568244934","-3.5383262634277344","-5.672446250915527","0.9708752036094666","0.9809170365333556","0.9749261736869812","0.9860826730728148","0.6893811225891113","0.8428239822387695","","0.7013548612594604","","","0.8250382542610168","","","","1","1","","1","","","1","","","","0.2576315999031067","-0.22068911790847776","-0.09693074226379396","0.23468446731567383","-1.23995041847229","0.29985862970352173","-0.1028626561164856","0.2543719410896301","0.06950849294662476","1.0288642644882202","0.13868045806884766","0.024665892124176025","0.18261408805847168","-0.19485050439834595","1.4635999202728271","-0.0450136661529541","0.0724719762802124","-0.0019974112510681152","0.43708336353302","1.664944410324097","0","0","0","0","2","0","0","0","0","2","0","0","0","0","2","0","0","0","0","2","0.813796877861023","0.6980193257331848","0.9161921739578248","0.7843296527862549","0.7487080097198486","1.0239408016204834","1.29806387424469","1.27176833152771","0.5112245678901672","0.6061311960220337","1.1396819353103638","1.4742777347564695","1.3300299644470217","0.5444311499595642","0.819036066532135","0.7588339447975159","1.4390559196472168","0.9167155027389526","1.213979721069336","0.6845118403434753","1","1","1","1","1","1","1","1","1","1","1","1","1","1","1","1","1","1","1","1","-8.823243141174316","0.9781230092048644","0.9707047343254088","0.981079399585724","0.9744305610656738","0.9862772822380066","","","","","","","","","","","","","","","","","","","","","","","","","","","","","","","","","","","","","","","","","","","","","","","","","","","","","","","","","","","","","","","","","","","","","","0.9788133502006532","0.9712852239608764","0.9833768606185912","0.9762454032897948","0.9843459129333496"
"cool-monkey-855","nzg6fwz8","finished","select1","","2023-05-12T22:04:35.000Z","10743","[[0,0,0,0],[0,0,0,0],[0,0,0,0],[0,0,0,0]]","nonlinear","9","1","true","true","false","0.0005","","cosine","4096","spline","12","false","false","true","1","/home/akekic/repos/multi-env-crl/checkpoints_ica","false","graph-4-8","","4","100","perfect-stochastic","gaussian","mean","10","true","0","true","","[""1.0"",""1.0"",""1.0"",""1.0""]","0","nonlinear","3","","true","[[0,0,0,0],[1,0,0,0],[0,1,0,0],[0,0,1,0],[0,0,0,1]]","1e-7","-1","","false","128","3","","1","false","false","","","99","","","","","","","","","","","","","","","","","","","","","","","","","","","","","","","-6.436446666717529","","","","","","","","","19600","","","","","","","","","","","","6.253259181976318","","-6.253259181976318","-6.2932233810424805","0.9845178127288818","-3.4655160903930664","-5.672446250915527","0.9912526607513428","0.97879558801651","0.9831580519676208","0.9848648905754088","0.7597986459732056","0.7451887726783752","","0.6303191781044006","","","0.7869130969047546","","","","1","1","","1","","","1","","","","0.2576315999031067","-0.22068911790847776","-0.09693074226379396","0.23468446731567383","-1.3170318603515625","0.29985862970352173","-0.1028626561164856","0.2543719410896301","0.06950849294662476","-1.5280872583389282","0.13868045806884766","0.024665892124176025","0.18261408805847168","-0.19485050439834595","-1.862782835960388","-0.0450136661529541","0.0724719762802124","-0.0019974112510681152","0.43708336353302","1.7976921796798706","0","0","0","0","2","0","0","0","0","2","0","0","0","0","2","0","0","0","0","2","0.813796877861023","0.6980193257331848","0.9161921739578248","0.7843296527862549","0.7934683561325073","1.0239408016204834","1.29806387424469","1.27176833152771","0.5112245678901672","0.6685118079185486","1.1396819353103638","1.4742777347564695","1.3300299644470217","0.5444311499595642","0.8718887567520142","0.7588339447975159","1.4390559196472168","0.9167155027389526","1.213979721069336","0.7820622324943542","1","1","1","1","1","1","1","1","1","1","1","1","1","1","1","1","1","1","1","1","-6.2510786056518555","0.9845355749130248","0.991476595401764","0.9791784286499025","0.98264741897583","0.9848397970199584","","","","","","","","","","","","","","","","","","","","","","","","","","","","","","","","","","","","","","","","","","","","","","","","","","","","","","","","","","","","","","","","","","","","","","0.9846001863479614","0.9921742081642152","0.9780049920082092","0.9832122921943665","0.9850094318389891"
"fluent-elevator-833","uswlwbse","finished","select1","","2023-05-12T19:22:33.000Z","9747","[[0,0,0,0],[0,0,0,0],[0,0,0,0],[0,0,0,0]]","nonlinear","2","0","true","true","false","0.0005","","cosine","4096","spline","12","false","false","true","1","/home/akekic/repos/multi-env-crl/checkpoints_ica","false","graph-4-8","","4","100","perfect-stochastic","gaussian","mean","10","true","0","true","","[""1.0"",""1.0"",""1.0"",""1.0""]","0","nonlinear","3","","true","[[0,0,0,0],[1,0,0,0],[0,1,0,0],[0,0,1,0],[0,0,0,1]]","1e-7","-1","","false","128","3","","1","false","false","","","99","","","","","","","","","","","","","","","","","","","","","","","","","","","","","","","-9.45295238494873","","","","","","","","","19600","","","","","","","","","","","","9.266923904418944","","-9.266923904418944","-9.294082641601562","0.9918954372406006","-4.077641487121582","-5.6756062507629395","0.9932342767715454","0.9927768707275392","0.994070053100586","0.9875006079673768","0.6339592933654785","0.4565160870552063","","0.6975527405738831","","","0.5439640879631042","","","","1","1","","1","","","1","","","","-0.003743410110473633","0.26822179555892944","-0.4115225672721863","-0.3679695129394531","-2.3355259895324707","0.13407868146896362","-0.0099065899848938","0.3964447379112244","-0.04437202215194702","-2.4129037857055664","-0.15110653638839722","-0.09828269481658936","-0.4776742458343506","-0.33114105463027954","1.3719820976257324","0.018521785736083984","0.19766759872436523","0.30001139640808105","-0.3389705419540405","-2.55107045173645","0","0","0","0","2","0","0","0","0","2","0","0","0","0","2","0","0","0","0","2","1.1816085577011108","1.415194034576416","0.8970999121665955","1.374155879020691","1.1348021030426023","1.0529069900512695","1.4527380466461182","0.5361648201942444","0.6852310299873352","1.3136972188949585","0.8051000237464905","1.4320003986358645","0.6759101748466492","0.7698335647583008","0.887071967124939","0.5317195057868958","0.7081297636032104","1.4297990798950195","1.223109245300293","1.038340449333191","1","1","1","1","1","1","1","1","1","1","1","1","1","1","1","1","1","1","1","1","-9.29521369934082","0.9919130206108092","0.9932159185409546","0.9928285479545592","0.9941207766532898","0.9874868988990784","","","","","","","","","","","","","","","","","","","","","","","","","","","","","","","","","","","","","","","","","","","","","","","","","","","","","","","","","","","","","","","","","","","","","","0.9933795928955078","0.9927659034729004","0.9929935336112976","0.99387925863266","0.993879497051239"
"whole-morning-852","za64neo6","finished","select1","","2023-05-12T20:47:41.000Z","12857","[[0,0,0,0],[0,0,0,0],[0,0,0,0],[0,0,0,0]]","nonlinear","8","1","true","true","false","0.0005","","cosine","4096","spline","12","false","false","true","1","/home/akekic/repos/multi-env-crl/checkpoints_ica","false","graph-4-8","","4","100","perfect-stochastic","gaussian","mean","10","true","0","true","","[""1.0"",""1.0"",""1.0"",""1.0""]","0","nonlinear","3","","true","[[0,0,0,0],[1,0,0,0],[0,1,0,0],[0,0,1,0],[0,0,0,1]]","1e-7","-1","","false","128","3","","1","false","false","","","99","","","","","","","","","","","","","","","","","","","","","","","","","","","","","","","-7.606858253479004","","","","","","","","","19600","","","","","","","","","","","","7.389554023742676","","-7.389554023742676","-7.4721360206604","0.9761102199554444","-3.365859270095825","-5.672446250915527","0.9688277244567872","0.970144271850586","0.980722963809967","0.9847458004951476","0.6945725083351135","0.8709093332290649","","0.5958943963050842","","","0.8141807913780212","","","","1","1","","1","","","1","","","","0.2576315999031067","-0.22068911790847776","-0.09693074226379396","0.23468446731567383","-1.0324841737747192","0.29985862970352173","-0.1028626561164856","0.2543719410896301","0.06950849294662476","0.8377171158790588","0.13868045806884766","0.024665892124176025","0.18261408805847168","-0.19485050439834595","1.7413021326065063","-0.0450136661529541","0.0724719762802124","-0.0019974112510681152","0.43708336353302","1.6142531633377075","0","0","0","0","2","0","0","0","0","2","0","0","0","0","2","0","0","0","0","2","0.813796877861023","0.6980193257331848","0.9161921739578248","0.7843296527862549","0.6928472518920898","1.0239408016204834","1.29806387424469","1.27176833152771","0.5112245678901672","0.5445324778556824","1.1396819353103638","1.4742777347564695","1.3300299644470217","0.5444311499595642","0.894091784954071","0.7588339447975159","1.4390559196472168","0.9167155027389526","1.213979721069336","0.6680160164833069","1","1","1","1","1","1","1","1","1","1","1","1","1","1","1","1","1","1","1","1","-7.379563331604004","0.9759902954101562","0.9684205055236816","0.9701916575431824","0.9805734157562256","0.9847754836082458","","","","","","","","","","","","","","","","","","","","","","","","","","","","","","","","","","","","","","","","","","","","","","","","","","","","","","","","","","","","","","","","","","","","","","0.9784287810325624","0.97273051738739","0.9738448858261108","0.9776135087013244","0.9895261526107788"
"rosy-shape-853","13gktfq5","finished","-","","2023-05-12T22:03:53.000Z","6556","[[0,0,0,0],[0,0,0,0],[0,0,0,0],[0,0,0,0]]","nonlinear","8","2","true","true","false","0.0005","","cosine","4096","spline","12","false","false","true","1","/home/akekic/repos/multi-env-crl/checkpoints_ica","false","graph-4-8","","4","100","perfect-stochastic","gaussian","mean","10","true","0","true","","[""1.0"",""1.0"",""1.0"",""1.0""]","0","nonlinear","3","","true","[[0,0,0,0],[1,0,0,0],[0,1,0,0],[0,0,1,0],[0,0,0,1]]","1e-7","-1","","false","128","3","","1","false","false","","","99","","","","","","","","","","","","","","","","","","","","","","","","","","","","","","","-7.284768581390381","","","","","","","","","19600","","","","","","","","","","","","7.3607587814331055","","-7.3607587814331055","-7.478537082672119","0.9544876217842102","-3.4334659576416016","-5.674173831939697","0.9674829840660096","0.9601269364356996","0.9558340311050416","0.9345065355300904","0.8365800380706787","0.752694308757782","","0.6266029477119446","","","0.5616467595100403","","","","1","1","","1","","","1","","","","0.11469507217407228","-0.11898714303970336","0.13711434602737427","-0.025538921356201172","-0.7848500609397888","0.11903637647628784","-0.05746734142303467","-0.40423136949539185","0.11415719985961914","-1.5490970611572266","0.06571400165557861","0.033228933811187744","-0.10994917154312134","0.4088484644889831","2.040139675140381","0.20733922719955444","0.21159738302230835","-0.29496580362319946","-0.19221723079681396","1.543649435043335","0","0","0","0","2","0","0","0","0","2","0","0","0","0","2","0","0","0","0","2","0.5102612972259521","0.966040849685669","0.9603751301765442","1.3546547889709473","0.44880780577659607","1.131658911705017","0.9759981632232666","0.7200266122817993","0.7166048884391785","0.7126050591468811","0.5457977652549744","0.6755088567733765","1.117674469947815","1.3290729522705078","0.8824964165687561","0.7708051204681396","1.2197418212890625","0.8080636858940125","0.889240562915802","0.8110048174858093","1","1","1","1","1","1","1","1","1","1","1","1","1","1","1","1","1","1","1","1","-7.362501621246338","0.9546306133270264","0.9674811959266664","0.9604764580726624","0.9556357860565186","0.9349289536476136","","","","","","","","","","","","","","","","","","","","","","","","","","","","","","","","","","","","","","","","","","","","","","","","","","","","","","","","","","","","","","","","","","","","","","0.9624893069267272","0.9680717587471008","0.9683977365493774","0.9494837522506714","0.96400386095047"
"atomic-shape-829","14f9f5a6","finished","-","","2023-05-12T19:19:29.000Z","6771","[[0,0,0,0],[0,0,0,0],[0,0,0,0],[0,0,0,0]]","nonlinear","0","2","true","true","false","0.0005","","cosine","4096","spline","12","false","false","true","1","/home/akekic/repos/multi-env-crl/checkpoints_ica","false","graph-4-8","","4","100","perfect-stochastic","gaussian","mean","10","true","0","true","","[""1.0"",""1.0"",""1.0"",""1.0""]","0","nonlinear","3","","true","[[0,0,0,0],[1,0,0,0],[0,1,0,0],[0,0,1,0],[0,0,0,1]]","1e-7","-1","","false","128","3","","1","false","false","","","99","","","","","","","","","","","","","","","","","","","","","","","","","","","","","","","-8.763182640075684","","","","","","","","","19600","","","","","","","","","","","","8.745366096496582","","-8.745366096496582","-8.902238845825195","0.74383145570755","-3.443298101425171","-5.674173831939697","0.6093310117721558","0.6619583368301392","0.8969091773033142","0.8071272373199463","0.8391839265823364","0.5950292944908142","","0.7153962254524231","","","0.44465115666389465","","","","1","1","","1","","","1","","","","0.11469507217407228","-0.11898714303970336","0.13711434602737427","-0.025538921356201172","1.1044412851333618","0.11903637647628784","-0.05746734142303467","-0.40423136949539185","0.11415719985961914","-1.9004311561584473","0.06571400165557861","0.033228933811187744","-0.10994917154312134","0.4088484644889831","1.648211121559143","0.20733922719955444","0.21159738302230835","-0.29496580362319946","-0.19221723079681396","2.655081272125244","0","0","0","0","2","0","0","0","0","2","0","0","0","0","2","0","0","0","0","2","0.5102612972259521","0.966040849685669","0.9603751301765442","1.3546547889709473","0.7241393327713013","1.131658911705017","0.9759981632232666","0.7200266122817993","0.7166048884391785","1.1826857328414917","0.5457977652549744","0.6755088567733765","1.117674469947815","1.3290729522705078","0.8438306450843811","0.7708051204681396","1.2197418212890625","0.8080636858940125","0.889240562915802","1.4265259504318235","1","1","1","1","1","1","1","1","1","1","1","1","1","1","1","1","1","1","1","1","-8.764518737792969","0.7440308332443237","0.6096382141113281","0.66533362865448","0.8970604538917542","0.8040909767150879","","","","","","","","","","","","","","","","","","","","","","","","","","","","","","","","","","","","","","","","","","","","","","","","","","","","","","","","","","","","","","","","","","","","","","0.7122256755828857","0.5186358690261841","0.6143563985824585","0.9015702605247498","0.8143402934074402"
"efficient-pond-843","181p1tus","finished","-","","2023-05-12T19:41:19.000Z","14693","[[0,0,0,0],[0,0,0,0],[0,0,0,0],[0,0,0,0]]","nonlinear","5","2","true","true","false","0.0005","","cosine","4096","spline","12","false","false","true","1","/home/akekic/repos/multi-env-crl/checkpoints_ica","false","graph-4-8","","4","100","perfect-stochastic","gaussian","mean","10","true","0","true","","[""1.0"",""1.0"",""1.0"",""1.0""]","0","nonlinear","3","","true","[[0,0,0,0],[1,0,0,0],[0,1,0,0],[0,0,1,0],[0,0,0,1]]","1e-7","-1","","false","128","3","","1","false","false","","","99","","","","","","","","","","","","","","","","","","","","","","","","","","","","","","","-7.366262912750244","","","","","","","","","19600","","","","","","","","","","","","7.439655303955078","","-7.439655303955078","-7.556705951690674","0.9730182886123656","-3.557976245880127","-5.674173831939697","0.9775888323783876","0.9899489283561708","0.9587100744247437","0.9658254384994508","0.8111853003501892","0.6417641043663025","","0.7709125876426697","","","0.5606003999710083","","","","1","1","","1","","","1","","","","0.11469507217407228","-0.11898714303970336","0.13711434602737427","-0.025538921356201172","1.1442642211914062","0.11903637647628784","-0.05746734142303467","-0.40423136949539185","0.11415719985961914","-2.0949461460113525","0.06571400165557861","0.033228933811187744","-0.10994917154312134","0.4088484644889831","-1.2479417324066162","0.20733922719955444","0.21159738302230835","-0.29496580362319946","-0.19221723079681396","1.8038010597229004","0","0","0","0","2","0","0","0","0","2","0","0","0","0","2","0","0","0","0","2","0.5102612972259521","0.966040849685669","0.9603751301765442","1.3546547889709473","0.5051044225692749","1.131658911705017","0.9759981632232666","0.7200266122817993","0.7166048884391785","0.9632243514060974","0.5457977652549744","0.6755088567733765","1.117674469947815","1.3290729522705078","0.7107425928115845","0.7708051204681396","1.2197418212890625","0.8080636858940125","0.889240562915802","1.077348709106445","1","1","1","1","1","1","1","1","1","1","1","1","1","1","1","1","1","1","1","1","-7.447071075439453","0.9734188318252563","0.9777098894119264","0.9901684522628784","0.959114909172058","0.9666820168495178","","","","","","","","","","","","","","","","","","","","","","","","","","","","","","","","","","","","","","","","","","","","","","","","","","","","","","","","","","","","","","","","","","","","","","0.976201832294464","0.97851824760437","0.9892648458480836","0.9686210751533508","0.968403160572052"
"curious-rain-856","1b2k7sey","finished","-","","2023-05-12T22:06:02.000Z","9788","[[0,0,0,0],[0,0,0,0],[0,0,0,0],[0,0,0,0]]","nonlinear","9","2","true","true","false","0.0005","","cosine","4096","spline","12","false","false","true","1","/home/akekic/repos/multi-env-crl/checkpoints_ica","false","graph-4-8","","4","100","perfect-stochastic","gaussian","mean","10","true","0","true","","[""1.0"",""1.0"",""1.0"",""1.0""]","0","nonlinear","3","","true","[[0,0,0,0],[1,0,0,0],[0,1,0,0],[0,0,1,0],[0,0,0,1]]","1e-7","-1","","false","128","3","","1","false","false","","","99","","","","","","","","","","","","","","","","","","","","","","","","","","","","","","","-6.168183326721191","","","","","","","","","19600","","","","","","","","","","","","6.178491115570068","","-6.178491115570068","-6.296567440032959","0.70402991771698","-3.4364564418792725","-5.674173831939697","0.7777555584907532","0.9414940476417542","0.9503357410430908","0.146534264087677","0.9130455851554872","0.6450310349464417","","0.591163158416748","","","0.6018446683883667","","","","1","1","","1","","","1","","","","0.11469507217407228","-0.11898714303970336","0.13711434602737427","-0.025538921356201172","-0.9312743544578552","0.11903637647628784","-0.05746734142303467","-0.40423136949539185","0.11415719985961914","-1.9711121320724487","0.06571400165557861","0.033228933811187744","-0.10994917154312134","0.4088484644889831","-1.7996037006378174","0.20733922719955444","0.21159738302230835","-0.29496580362319946","-0.19221723079681396","-0.039624519646167755","0","0","0","0","2","0","0","0","0","2","0","0","0","0","2","0","0","0","0","2","0.5102612972259521","0.966040849685669","0.9603751301765442","1.3546547889709473","0.5923944711685181","1.131658911705017","0.9759981632232666","0.7200266122817993","0.7166048884391785","0.9286490678787231","0.5457977652549744","0.6755088567733765","1.117674469947815","1.3290729522705078","0.9339688420295716","0.7708051204681396","1.2197418212890625","0.8080636858940125","0.889240562915802","0.4122877418994904","1","1","1","1","1","1","1","1","1","1","1","1","1","1","1","1","1","1","1","1","-6.173470973968506","0.7049459218978882","0.7776620388031006","0.9421886205673218","0.9497891664505004","0.15014393627643585","","","","","","","","","","","","","","","","","","","","","","","","","","","","","","","","","","","","","","","","","","","","","","","","","","","","","","","","","","","","","","","","","","","","","","0.7037136554718018","0.7819342017173767","0.9333240389823914","0.9401705861091614","0.15942594408988953"
"earnest-blaze-835","1rfp1xi3","finished","-","","2023-05-12T19:24:53.000Z","7988","[[0,0,0,0],[0,0,0,0],[0,0,0,0],[0,0,0,0]]","nonlinear","2","1","true","true","false","0.0005","","cosine","4096","spline","12","false","false","true","1","/home/akekic/repos/multi-env-crl/checkpoints_ica","false","graph-4-8","","4","100","perfect-stochastic","gaussian","mean","10","true","0","true","","[""1.0"",""1.0"",""1.0"",""1.0""]","0","nonlinear","3","","true","[[0,0,0,0],[1,0,0,0],[0,1,0,0],[0,0,1,0],[0,0,0,1]]","1e-7","-1","","false","128","3","","1","false","false","","","99","","","","","","","","","","","","","","","","","","","","","","","","","","","","","","","-9.33839511871338","","","","","","","","","19600","","","","","","","","","","","","9.266729354858398","","-9.266729354858398","-9.29432773590088","0.9892776012420654","-3.603045463562012","-5.672446250915527","0.9902212023735046","0.99065762758255","0.9884361624717712","0.9877952933311462","0.7357096076011658","0.7791724801063538","","0.743971586227417","","","0.7794402837753296","","","","1","1","","1","","","1","","","","0.2576315999031067","-0.22068911790847776","-0.09693074226379396","0.23468446731567383","-1.3578749895095823","0.29985862970352173","-0.1028626561164856","0.2543719410896301","0.06950849294662476","-1.5839526653289795","0.13868045806884766","0.024665892124176025","0.18261408805847168","-0.19485050439834595","-1.7285332679748535","-0.0450136661529541","0.0724719762802124","-0.0019974112510681152","0.43708336353302","-1.2691020965576172","0","0","0","0","2","0","0","0","0","2","0","0","0","0","2","0","0","0","0","2","0.813796877861023","0.6980193257331848","0.9161921739578248","0.7843296527862549","0.8000577688217163","1.0239408016204834","1.29806387424469","1.27176833152771","0.5112245678901672","0.6804329752922058","1.1396819353103638","1.4742777347564695","1.3300299644470217","0.5444311499595642","0.7966477870941162","0.7588339447975159","1.4390559196472168","0.9167155027389526","1.213979721069336","0.7406542897224426","1","1","1","1","1","1","1","1","1","1","1","1","1","1","1","1","1","1","1","1","-9.265846252441406","0.9891930222511292","0.990138828754425","0.9906913638114928","0.988149344921112","0.9877924919128418","","","","","","","","","","","","","","","","","","","","","","","","","","","","","","","","","","","","","","","","","","","","","","","","","","","","","","","","","","","","","","","","","","","","","","0.989132285118103","0.9889623522758484","0.9914920330047609","0.9892625212669371","0.9868122935295104"
"celestial-surf-837","1vacmmvl","finished","-","","2023-05-12T19:31:43.000Z","17267","[[0,0,0,0],[0,0,0,0],[0,0,0,0],[0,0,0,0]]","nonlinear","3","2","true","true","false","0.0005","","cosine","4096","spline","12","false","false","true","1","/home/akekic/repos/multi-env-crl/checkpoints_ica","false","graph-4-8","","4","100","perfect-stochastic","gaussian","mean","10","true","0","true","","[""1.0"",""1.0"",""1.0"",""1.0""]","0","nonlinear","3","","true","[[0,0,0,0],[1,0,0,0],[0,1,0,0],[0,0,1,0],[0,0,0,1]]","1e-7","-1","","false","128","3","","1","false","false","","","99","","","","","","","","","","","","","","","","","","","","","","","","","","","","","","","-8.016440391540527","","","","","","","","","19600","","","","","","","","","","","","7.964046001434326","","-7.964046001434326","-8.32509994506836","0.8136335611343384","-3.2516393661499023","-5.674173831939697","0.7318382263183594","0.8418964147567749","0.8715400099754333","0.8092596530914307","0.8717333674430847","0.6395319104194641","","0.5255993008613586","","","0.49716079235076904","","","","1","1","","1","","","1","","","","0.11469507217407228","-0.11898714303970336","0.13711434602737427","-0.025538921356201172","-0.6557657122612","0.11903637647628784","-0.05746734142303467","-0.40423136949539185","0.11415719985961914","-2.056150436401367","0.06571400165557861","0.033228933811187744","-0.10994917154312134","0.4088484644889831","2.0585780143737793","0.20733922719955444","0.21159738302230835","-0.29496580362319946","-0.19221723079681396","1.9352827072143557","0","0","0","0","2","0","0","0","0","2","0","0","0","0","2","0","0","0","0","2","0.5102612972259521","0.966040849685669","0.9603751301765442","1.3546547889709473","0.5266492366790771","1.131658911705017","0.9759981632232666","0.7200266122817993","0.7166048884391785","1.0661526918411257","0.5457977652549744","0.6755088567733765","1.117674469947815","1.3290729522705078","1.026521921157837","0.7708051204681396","1.2197418212890625","0.8080636858940125","0.889240562915802","1.2142822742462158","1","1","1","1","1","1","1","1","1","1","1","1","1","1","1","1","1","1","1","1","-8.002494812011719","0.8127745389938354","0.7276031970977783","0.8424797654151917","0.8723958134651184","0.8086193203926086","","","","","","","","","","","","","","","","","","","","","","","","","","","","","","","","","","","","","","","","","","","","","","","","","","","","","","","","","","","","","","","","","","","","","","0.7967626452445984","0.714489221572876","0.8236934542655945","0.8621248602867126","0.7867430448532104"
"bright-dragon-842","2gblfody","finished","-","","2023-05-12T19:38:28.000Z","13598","[[0,0,0,0],[0,0,0,0],[0,0,0,0],[0,0,0,0]]","nonlinear","5","0","true","true","false","0.0005","","cosine","4096","spline","12","false","false","true","1","/home/akekic/repos/multi-env-crl/checkpoints_ica","false","graph-4-8","","4","100","perfect-stochastic","gaussian","mean","10","true","0","true","","[""1.0"",""1.0"",""1.0"",""1.0""]","0","nonlinear","3","","true","[[0,0,0,0],[1,0,0,0],[0,1,0,0],[0,0,1,0],[0,0,0,1]]","1e-7","-1","","false","128","3","","1","false","false","","","99","","","","","","","","","","","","","","","","","","","","","","","","","","","","","","","-7.413265228271484","","","","","","","","","19600","","","","","","","","","","","","7.348428726196289","","-7.348428726196289","-7.550073146820068","0.9291096925735474","-3.9415316581726074","-5.6756062507629395","0.958867371082306","0.920929193496704","0.9286406636238098","0.9080016613006592","0.5504397749900818","0.5709487795829773","","0.8036502599716187","","","0.4329809546470642","","","","1","1","","1","","","1","","","","-0.003743410110473633","0.26822179555892944","-0.4115225672721863","-0.3679695129394531","-2.38446044921875","0.13407868146896362","-0.0099065899848938","0.3964447379112244","-0.04437202215194702","-1.4932687282562256","-0.15110653638839722","-0.09828269481658936","-0.4776742458343506","-0.33114105463027954","0.9474430084228516","0.018521785736083984","0.19766759872436523","0.30001139640808105","-0.3389705419540405","1.5596520900726318","0","0","0","0","2","0","0","0","0","2","0","0","0","0","2","0","0","0","0","2","1.1816085577011108","1.415194034576416","0.8970999121665955","1.374155879020691","1.1311084032058716","1.0529069900512695","1.4527380466461182","0.5361648201942444","0.6852310299873352","1.02936851978302","0.8051000237464905","1.4320003986358645","0.6759101748466492","0.7698335647583008","0.7039173245429993","0.5317195057868958","0.7081297636032104","1.4297990798950195","1.223109245300293","1.203413486480713","1","1","1","1","1","1","1","1","1","1","1","1","1","1","1","1","1","1","1","1","-7.365396022796631","0.929427981376648","0.9589890837669371","0.9203567504882812","0.9295585751533508","0.908807337284088","","","","","","","","","","","","","","","","","","","","","","","","","","","","","","","","","","","","","","","","","","","","","","","","","","","","","","","","","","","","","","","","","","","","","","0.934702455997467","0.961133062839508","0.9313510060310364","0.9360554218292236","0.9102703332901"
"rose-night-851","2hrru1i0","finished","-","","2023-05-12T20:34:41.000Z","11148","[[0,0,0,0],[0,0,0,0],[0,0,0,0],[0,0,0,0]]","nonlinear","8","0","true","true","false","0.0005","","cosine","4096","spline","12","false","false","true","1","/home/akekic/repos/multi-env-crl/checkpoints_ica","false","graph-4-8","","4","100","perfect-stochastic","gaussian","mean","10","true","0","true","","[""1.0"",""1.0"",""1.0"",""1.0""]","0","nonlinear","3","","true","[[0,0,0,0],[1,0,0,0],[0,1,0,0],[0,0,1,0],[0,0,0,1]]","1e-7","-1","","false","128","3","","1","false","false","","","99","","","","","","","","","","","","","","","","","","","","","","","","","","","","","","","-7.380845546722412","","","","","","","","","19600","","","","","","","","","","","","7.37706995010376","","-7.37706995010376","-7.472471237182617","0.9786651134490968","-3.986532688140869","-5.6756062507629395","0.9771423935890198","0.97067791223526","0.9851555824279784","0.9816847443580629","0.6193394660949707","0.5690397620201111","","0.666847288608551","","","0.4821666479110718","","","","1","1","","1","","","1","","","","-0.003743410110473633","0.26822179555892944","-0.4115225672721863","-0.3679695129394531","-1.7620867490768433","0.13407868146896362","-0.0099065899848938","0.3964447379112244","-0.04437202215194702","2.256500720977783","-0.15110653638839722","-0.09828269481658936","-0.4776742458343506","-0.33114105463027954","1.401002287864685","0.018521785736083984","0.19766759872436523","0.30001139640808105","-0.3389705419540405","-2.743208408355713","0","0","0","0","2","0","0","0","0","2","0","0","0","0","2","0","0","0","0","2","1.1816085577011108","1.415194034576416","0.8970999121665955","1.374155879020691","0.9211992025375366","1.0529069900512695","1.4527380466461182","0.5361648201942444","0.6852310299873352","1.039342999458313","0.8051000237464905","1.4320003986358645","0.6759101748466492","0.7698335647583008","0.8764176964759827","0.5317195057868958","0.7081297636032104","1.4297990798950195","1.223109245300293","1.176398992538452","1","1","1","1","1","1","1","1","1","1","1","1","1","1","1","1","1","1","1","1","-7.381767272949219","0.9787951707839966","0.9771310091018676","0.9707764983177184","0.98543381690979","0.9818394780158995","","","","","","","","","","","","","","","","","","","","","","","","","","","","","","","","","","","","","","","","","","","","","","","","","","","","","","","","","","","","","","","","","","","","","","0.9823251962661744","0.9824528694152832","0.9809221029281616","0.9818782806396484","0.9840473532676696"
"likely-dream-827","2jf30kkk","finished","-","","2023-05-12T19:18:44.000Z","8717","[[0,0,0,0],[0,0,0,0],[0,0,0,0],[0,0,0,0]]","nonlinear","0","0","true","true","false","0.0005","","cosine","4096","spline","12","false","false","true","1","/home/akekic/repos/multi-env-crl/checkpoints_ica","false","graph-4-8","","4","100","perfect-stochastic","gaussian","mean","10","true","0","true","","[""1.0"",""1.0"",""1.0"",""1.0""]","0","nonlinear","3","","true","[[0,0,0,0],[1,0,0,0],[0,1,0,0],[0,0,1,0],[0,0,0,1]]","1e-7","-1","","false","128","3","","1","false","false","","","99","","","","","","","","","","","","","","","","","","","","","","","","","","","","","","","-8.825804710388184","","","","","","","","","19600","","","","","","","","","","","","8.77064323425293","","-8.77064323425293","-8.906645774841309","0.9105229377746582","-3.953277349472046","-5.6756062507629395","0.9314279556274414","0.8162069320678711","0.951618194580078","0.9428387880325316","0.5915370583534241","0.6269097924232483","","0.7054548859596252","","","0.43213555216789246","","","","1","1","","1","","","1","","","","-0.003743410110473633","0.26822179555892944","-0.4115225672721863","-0.3679695129394531","-2.234677314758301","0.13407868146896362","-0.0099065899848938","0.3964447379112244","-0.04437202215194702","1.2887171506881714","-0.15110653638839722","-0.09828269481658936","-0.4776742458343506","-0.33114105463027954","1.1761481761932373","0.018521785736083984","0.19766759872436523","0.30001139640808105","-0.3389705419540405","-3.018401622772217","0","0","0","0","2","0","0","0","0","2","0","0","0","0","2","0","0","0","0","2","1.1816085577011108","1.415194034576416","0.8970999121665955","1.374155879020691","1.0582679510116575","1.0529069900512695","1.4527380466461182","0.5361648201942444","0.6852310299873352","0.6993350386619568","0.8051000237464905","1.4320003986358645","0.6759101748466492","0.7698335647583008","0.8394443392753601","0.5317195057868958","0.7081297636032104","1.4297990798950195","1.223109245300293","1.2362014055252075","1","1","1","1","1","1","1","1","1","1","1","1","1","1","1","1","1","1","1","1","-8.785087585449219","0.9103752374649048","0.931038737297058","0.8155370354652405","0.9520549178123474","0.9428702592849731","","","","","","","","","","","","","","","","","","","","","","","","","","","","","","","","","","","","","","","","","","","","","","","","","","","","","","","","","","","","","","","","","","","","","","0.9225130677223206","0.9244813323020936","0.8746541142463684","0.9539042711257936","0.9370125532150269"
"northern-night-839","2y707nrc","finished","-","","2023-05-12T19:32:46.000Z","7427","[[0,0,0,0],[0,0,0,0],[0,0,0,0],[0,0,0,0]]","nonlinear","4","1","true","true","false","0.0005","","cosine","4096","spline","12","false","false","true","1","/home/akekic/repos/multi-env-crl/checkpoints_ica","false","graph-4-8","","4","100","perfect-stochastic","gaussian","mean","10","true","0","true","","[""1.0"",""1.0"",""1.0"",""1.0""]","0","nonlinear","3","","true","[[0,0,0,0],[1,0,0,0],[0,1,0,0],[0,0,1,0],[0,0,0,1]]","1e-7","-1","","false","128","3","","1","false","false","","","99","","","","","","","","","","","","","","","","","","","","","","","","","","","","","","","-7.250375270843506","","","","","","","","","19600","","","","","","","","","","","","7.274034023284912","","-7.274034023284912","-7.410430908203125","0.6453191041946411","-3.4541168212890625","-5.672446250915527","0.8096951842308044","0.8354079127311707","0.17950737476348877","0.7566660046577454","0.756497859954834","0.8232468366622925","","0.7933048605918884","","","0.612883985042572","","","","1","1","","1","","","1","","","","0.2576315999031067","-0.22068911790847776","-0.09693074226379396","0.23468446731567383","-1.4510369300842283","0.29985862970352173","-0.1028626561164856","0.2543719410896301","0.06950849294662476","-1.6156461238861084","0.13868045806884766","0.024665892124176025","0.18261408805847168","-0.19485050439834595","-0.29831749200820923","-0.0450136661529541","0.0724719762802124","-0.0019974112510681152","0.43708336353302","-1.4103362560272217","0","0","0","0","2","0","0","0","0","2","0","0","0","0","2","0","0","0","0","2","0.813796877861023","0.6980193257331848","0.9161921739578248","0.7843296527862549","0.9984884858131408","1.0239408016204834","1.29806387424469","1.27176833152771","0.5112245678901672","0.7417423725128174","1.1396819353103638","1.4742777347564695","1.3300299644470217","0.5444311499595642","0.25878289341926575","0.7588339447975159","1.4390559196472168","0.9167155027389526","1.213979721069336","1.1340855360031128","1","1","1","1","1","1","1","1","1","1","1","1","1","1","1","1","1","1","1","1","-7.270429611206055","0.6454861760139465","0.807647168636322","0.8347611427307129","0.18064144253730777","0.7588949203491211","","","","","","","","","","","","","","","","","","","","","","","","","","","","","","","","","","","","","","","","","","","","","","","","","","","","","","","","","","","","","","","","","","","","","","0.6006110906600952","0.750175416469574","0.8051155805587769","0.1972808539867401","0.6498725414276123"
"bumbling-totem-834","35pe858a","finished","-","","2023-05-12T19:24:53.000Z","7142","[[0,0,0,0],[0,0,0,0],[0,0,0,0],[0,0,0,0]]","nonlinear","2","2","true","true","false","0.0005","","cosine","4096","spline","12","false","false","true","1","/home/akekic/repos/multi-env-crl/checkpoints_ica","false","graph-4-8","","4","100","perfect-stochastic","gaussian","mean","10","true","0","true","","[""1.0"",""1.0"",""1.0"",""1.0""]","0","nonlinear","3","","true","[[0,0,0,0],[1,0,0,0],[0,1,0,0],[0,0,1,0],[0,0,0,1]]","1e-7","-1","","false","128","3","","1","false","false","","","99","","","","","","","","","","","","","","","","","","","","","","","","","","","","","","","-9.380914688110352","","","","","","","","","19600","","","","","","","","","","","","9.259132385253906","","-9.259132385253906","-9.2835693359375","0.9934053421020508","-3.6515817642211914","-5.674173831939697","0.9944926500320436","0.9928388595581056","0.9947308897972108","0.9915591478347778","0.8643935322761536","0.6791251301765442","","0.7260541915893555","","","0.5183397531509399","","","","1","1","","1","","","1","","","","0.11469507217407228","-0.11898714303970336","0.13711434602737427","-0.025538921356201172","-0.9068815112113952","0.11903637647628784","-0.05746734142303467","-0.40423136949539185","0.11415719985961914","-1.9982385635375977","0.06571400165557861","0.033228933811187744","-0.10994917154312134","0.4088484644889831","-1.713741660118103","0.20733922719955444","0.21159738302230835","-0.29496580362319946","-0.19221723079681396","2.3815603256225586","0","0","0","0","2","0","0","0","0","2","0","0","0","0","2","0","0","0","0","2","0.5102612972259521","0.966040849685669","0.9603751301765442","1.3546547889709473","0.505237877368927","1.131658911705017","0.9759981632232666","0.7200266122817993","0.7166048884391785","0.9402803182601928","0.5457977652549744","0.6755088567733765","1.117674469947815","1.3290729522705078","0.9153899550437928","0.7708051204681396","1.2197418212890625","0.8080636858940125","0.889240562915802","1.1588702201843262","1","1","1","1","1","1","1","1","1","1","1","1","1","1","1","1","1","1","1","1","-9.276830673217772","0.993438482284546","0.994551956653595","0.9929467439651488","0.9946702122688292","0.9915849566459656","","","","","","","","","","","","","","","","","","","","","","","","","","","","","","","","","","","","","","","","","","","","","","","","","","","","","","","","","","","","","","","","","","","","","","0.9938976168632508","0.9951158761978148","0.992402732372284","0.9949285984039308","0.9931433200836182"
"clear-hill-846","3a2yixvt","finished","-","","2023-05-12T19:54:46.000Z","11500","[[0,0,0,0],[0,0,0,0],[0,0,0,0],[0,0,0,0]]","nonlinear","6","1","true","true","false","0.0005","","cosine","4096","spline","12","false","false","true","1","/home/akekic/repos/multi-env-crl/checkpoints_ica","false","graph-4-8","","4","100","perfect-stochastic","gaussian","mean","10","true","0","true","","[""1.0"",""1.0"",""1.0"",""1.0""]","0","nonlinear","3","","true","[[0,0,0,0],[1,0,0,0],[0,1,0,0],[0,0,1,0],[0,0,0,1]]","1e-7","-1","","false","128","3","","1","false","false","","","99","","","","","","","","","","","","","","","","","","","","","","","","","","","","","","","-5.972182750701904","","","","","","","","","19600","","","","","","","","","","","","5.883701324462891","","-5.883701324462891","-5.996036052703857","0.7433728575706482","-3.7155160903930664","-5.672446250915527","0.7349355220794678","0.7441100478172302","0.633928120136261","0.860517680644989","0.7783732414245605","0.8156523704528809","","0.6326820850372314","","","0.7727228999137878","","","","1","1","","1","","","1","","","","0.2576315999031067","-0.22068911790847776","-0.09693074226379396","0.23468446731567383","-1.4179643392562866","0.29985862970352173","-0.1028626561164856","0.2543719410896301","0.06950849294662476","1.2180086374282837","0.13868045806884766","0.024665892124176025","0.18261408805847168","-0.19485050439834595","-1.7093826532363892","-0.0450136661529541","0.0724719762802124","-0.0019974112510681152","0.43708336353302","-1.2914308309555054","0","0","0","0","2","0","0","0","0","2","0","0","0","0","2","0","0","0","0","2","0.813796877861023","0.6980193257331848","0.9161921739578248","0.7843296527862549","1.0053551197052002","1.0239408016204834","1.29806387424469","1.27176833152771","0.5112245678901672","0.8776999115943909","1.1396819353103638","1.4742777347564695","1.3300299644470217","0.5444311499595642","1.1182605028152466","0.7588339447975159","1.4390559196472168","0.9167155027389526","1.213979721069336","0.8072740435600281","1","1","1","1","1","1","1","1","1","1","1","1","1","1","1","1","1","1","1","1","-5.872154712677002","0.7439022660255432","0.7344567179679871","0.7428880929946899","0.6368935704231262","0.8613706827163696","","","","","","","","","","","","","","","","","","","","","","","","","","","","","","","","","","","","","","","","","","","","","","","","","","","","","","","","","","","","","","","","","","","","","","0.7051512002944946","0.6983449459075928","0.7073521614074707","0.5725528597831726","0.8423548936843872"
"firm-brook-849","3gbsjcva","finished","-","","2023-05-12T20:32:43.000Z","12164","[[0,0,0,0],[0,0,0,0],[0,0,0,0],[0,0,0,0]]","nonlinear","7","2","true","true","false","0.0005","","cosine","4096","spline","12","false","false","true","1","/home/akekic/repos/multi-env-crl/checkpoints_ica","false","graph-4-8","","4","100","perfect-stochastic","gaussian","mean","10","true","0","true","","[""1.0"",""1.0"",""1.0"",""1.0""]","0","nonlinear","3","","true","[[0,0,0,0],[1,0,0,0],[0,1,0,0],[0,0,1,0],[0,0,0,1]]","1e-7","-1","","false","128","3","","1","false","false","","","99","","","","","","","","","","","","","","","","","","","","","","","","","","","","","","","-8.829333305358887","","","","","","","","","19600","","","","","","","","","","","","8.754143714904785","","-8.754143714904785","-9.066720008850098","0.7379965782165527","-3.76472282409668","-5.674173831939697","0.6993473172187805","0.4553861320018768","0.9095023274421692","0.8877504467964172","0.898478627204895","0.752415657043457","","0.725252628326416","","","0.5023564696311951","","","","1","1","","1","","","1","","","","0.11469507217407228","-0.11898714303970336","0.13711434602737427","-0.025538921356201172","0.9755412340164183","0.11903637647628784","-0.05746734142303467","-0.40423136949539185","0.11415719985961914","-1.422580599784851","0.06571400165557861","0.033228933811187744","-0.10994917154312134","0.4088484644889831","1.6661109924316406","0.20733922719955444","0.21159738302230835","-0.29496580362319946","-0.19221723079681396","2.460409164428711","0","0","0","0","2","0","0","0","0","2","0","0","0","0","2","0","0","0","0","2","0.5102612972259521","0.966040849685669","0.9603751301765442","1.3546547889709473","0.4954914450645447","1.131658911705017","0.9759981632232666","0.7200266122817993","0.7166048884391785","1.4103851318359375","0.5457977652549744","0.6755088567733765","1.117674469947815","1.3290729522705078","0.6930252909660339","0.7708051204681396","1.2197418212890625","0.8080636858940125","0.889240562915802","1.262993574142456","1","1","1","1","1","1","1","1","1","1","1","1","1","1","1","1","1","1","1","1","-8.762527465820312","0.7384053468704224","0.7013944983482361","0.45494309067726135","0.9104989171028136","0.8867849111557007","","","","","","","","","","","","","","","","","","","","","","","","","","","","","","","","","","","","","","","","","","","","","","","","","","","","","","","","","","","","","","","","","","","","","","0.7177356481552124","0.6814098358154297","0.3703643083572388","0.918546736240387","0.900621771812439"
"super-plant-845","3oljrjjp","finished","-","","2023-05-12T19:42:56.000Z","8858","[[0,0,0,0],[0,0,0,0],[0,0,0,0],[0,0,0,0]]","nonlinear","6","0","true","true","false","0.0005","","cosine","4096","spline","12","false","false","true","1","/home/akekic/repos/multi-env-crl/checkpoints_ica","false","graph-4-8","","4","100","perfect-stochastic","gaussian","mean","10","true","0","true","","[""1.0"",""1.0"",""1.0"",""1.0""]","0","nonlinear","3","","true","[[0,0,0,0],[1,0,0,0],[0,1,0,0],[0,0,1,0],[0,0,0,1]]","1e-7","-1","","false","128","3","","1","false","false","","","99","","","","","","","","","","","","","","","","","","","","","","","","","","","","","","","-5.8737711906433105","","","","","","","","","19600","","","","","","","","","","","","5.906197547912598","","-5.906197547912598","-5.992269992828369","0.9464611411094666","-3.893486738204956","-5.6756062507629395","0.9678475856781006","0.8860004544258118","0.9617472887039183","0.9702492952346802","0.6408147215843201","0.5735356211662292","","0.7150371074676514","","","0.3939279615879059","","","","1","1","","1","","","1","","","","-0.003743410110473633","0.26822179555892944","-0.4115225672721863","-0.3679695129394531","-2.2509326934814453","0.13407868146896362","-0.0099065899848938","0.3964447379112244","-0.04437202215194702","-0.9949162602424622","-0.15110653638839722","-0.09828269481658936","-0.4776742458343506","-0.33114105463027954","1.2717829942703247","0.018521785736083984","0.19766759872436523","0.30001139640808105","-0.3389705419540405","-3.125474452972412","0","0","0","0","2","0","0","0","0","2","0","0","0","0","2","0","0","0","0","2","1.1816085577011108","1.415194034576416","0.8970999121665955","1.374155879020691","1.0734384059906006","1.0529069900512695","1.4527380466461182","0.5361648201942444","0.6852310299873352","0.7326541543006897","0.8051000237464905","1.4320003986358645","0.6759101748466492","0.7698335647583008","0.8229672312736511","0.5317195057868958","0.7081297636032104","1.4297990798950195","1.223109245300293","1.3227016925811768","1","1","1","1","1","1","1","1","1","1","1","1","1","1","1","1","1","1","1","1","-5.901637554168701","0.946345329284668","0.9679173827171326","0.8846255540847778","0.9621359705924988","0.970702350139618","","","","","","","","","","","","","","","","","","","","","","","","","","","","","","","","","","","","","","","","","","","","","","","","","","","","","","","","","","","","","","","","","","","","","","0.9551826119422911","0.9662336707115172","0.9300697445869446","0.9582653641700744","0.9661616683006288"
"visionary-sunset-836","3uhvzs6c","finished","-","","2023-05-12T19:28:40.000Z","12420","[[0,0,0,0],[0,0,0,0],[0,0,0,0],[0,0,0,0]]","nonlinear","3","0","true","true","false","0.0005","","cosine","4096","spline","12","false","false","true","1","/home/akekic/repos/multi-env-crl/checkpoints_ica","false","graph-4-8","","4","100","perfect-stochastic","gaussian","mean","10","true","0","true","","[""1.0"",""1.0"",""1.0"",""1.0""]","0","nonlinear","3","","true","[[0,0,0,0],[1,0,0,0],[0,1,0,0],[0,0,1,0],[0,0,0,1]]","1e-7","-1","","false","128","3","","1","false","false","","","99","","","","","","","","","","","","","","","","","","","","","","","","","","","","","","","-7.880575656890869","","","","","","","","","19600","","","","","","","","","","","","7.91684627532959","","-7.91684627532959","-8.35295581817627","0.8322007060050964","-4.012414455413818","-5.6756062507629395","0.8566917181015015","0.7664163708686829","0.9300100803375244","0.7756845355033875","0.5917689800262451","0.6713452339172363","","0.6859332323074341","","","0.49056458473205566","","","","1","1","","1","","","1","","","","-0.003743410110473633","0.26822179555892944","-0.4115225672721863","-0.3679695129394531","-1.993707537651062","0.13407868146896362","-0.0099065899848938","0.3964447379112244","-0.04437202215194702","1.1573331356048584","-0.15110653638839722","-0.09828269481658936","-0.4776742458343506","-0.33114105463027954","1.488934874534607","0.018521785736083984","0.19766759872436523","0.30001139640808105","-0.3389705419540405","-1.3230303525924685","0","0","0","0","2","0","0","0","0","2","0","0","0","0","2","0","0","0","0","2","1.1816085577011108","1.415194034576416","0.8970999121665955","1.374155879020691","1.039833903312683","1.0529069900512695","1.4527380466461182","0.5361648201942444","0.6852310299873352","0.9193416833877563","0.8051000237464905","1.4320003986358645","0.6759101748466492","0.7698335647583008","0.8797945976257324","0.5317195057868958","0.7081297636032104","1.4297990798950195","1.223109245300293","0.6193565726280212","1","1","1","1","1","1","1","1","1","1","1","1","1","1","1","1","1","1","1","1","-7.888996601104736","0.8314402103424072","0.8558127880096436","0.7647787928581238","0.9297290444374084","0.7754400968551636","","","","","","","","","","","","","","","","","","","","","","","","","","","","","","","","","","","","","","","","","","","","","","","","","","","","","","","","","","","","","","","","","","","","","","0.8583590984344482","0.8477213978767395","0.8219510912895203","0.9190510511398317","0.8447129130363464"
"rural-galaxy-832","585kx0en","finished","-","","2023-05-12T19:21:11.000Z","9462","[[0,0,0,0],[0,0,0,0],[0,0,0,0],[0,0,0,0]]","nonlinear","1","1","true","true","false","0.0005","","cosine","4096","spline","12","false","false","true","1","/home/akekic/repos/multi-env-crl/checkpoints_ica","false","graph-4-8","","4","100","perfect-stochastic","gaussian","mean","10","true","0","true","","[""1.0"",""1.0"",""1.0"",""1.0""]","0","nonlinear","3","","true","[[0,0,0,0],[1,0,0,0],[0,1,0,0],[0,0,1,0],[0,0,0,1]]","1e-7","-1","","false","128","3","","1","false","false","","","99","","","","","","","","","","","","","","","","","","","","","","","","","","","","","","","-7.839455604553223","","","","","","","","","19600","","","","","","","","","","","","7.959223747253418","","-7.959223747253418","-8.0925931930542","0.9579713344573976","-3.5638959407806396","-5.672446250915527","0.9839174151420592","0.9628158807754515","0.9079511761665344","0.977200984954834","0.6136863827705383","0.7468804717063904","","0.777677595615387","","","0.868772566318512","","","","1","1","","1","","","1","","","","0.2576315999031067","-0.22068911790847776","-0.09693074226379396","0.23468446731567383","-1.3911020755767822","0.29985862970352173","-0.1028626561164856","0.2543719410896301","0.06950849294662476","-1.596051812171936","0.13868045806884766","0.024665892124176025","0.18261408805847168","-0.19485050439834595","-0.769154965877533","-0.0450136661529541","0.0724719762802124","-0.0019974112510681152","0.43708336353302","-1.3593915700912476","0","0","0","0","2","0","0","0","0","2","0","0","0","0","2","0","0","0","0","2","0.813796877861023","0.6980193257331848","0.9161921739578248","0.7843296527862549","0.8050763010978699","1.0239408016204834","1.29806387424469","1.27176833152771","0.5112245678901672","0.6636064648628235","1.1396819353103638","1.4742777347564695","1.3300299644470217","0.5444311499595642","1.0096813440322876","0.7588339447975159","1.4390559196472168","0.9167155027389526","1.213979721069336","0.7703531384468079","1","1","1","1","1","1","1","1","1","1","1","1","1","1","1","1","1","1","1","1","-7.989940643310547","0.957725465297699","0.9841110110282898","0.963575839996338","0.9060022830963136","0.9772126078605652","","","","","","","","","","","","","","","","","","","","","","","","","","","","","","","","","","","","","","","","","","","","","","","","","","","","","","","","","","","","","","","","","","","","","","0.9601128101348876","0.9869197010993958","0.9681822061538696","0.9111955165863036","0.9741538763046264"
"stellar-planet-848","927617nz","crashed","-","","2023-05-12T20:03:57.000Z","21585","[[0,0,0,0],[0,0,0,0],[0,0,0,0],[0,0,0,0]]","nonlinear","7","0","true","true","false","0.0005","","cosine","4096","spline","12","false","false","true","1","/home/akekic/repos/multi-env-crl/checkpoints_ica","false","graph-4-8","","4","100","perfect-stochastic","gaussian","mean","10","true","0","true","","[""1.0"",""1.0"",""1.0"",""1.0""]","0","nonlinear","3","","true","[[0,0,0,0],[1,0,0,0],[0,1,0,0],[0,0,1,0],[0,0,0,1]]","1e-7","-1","","false","128","3","","1","false","false","","","84","","","","","","","","","","","","","","","","","","","","","","","","","","","","","","","-7.59429931640625","","","","","","","","","16599","","","","","","","","","","","","8.077648162841797","","-8.077648162841797","-9.041234970092772","0.7314610481262207","-4.243331432342529","-5.675606727600098","0.8623201847076416","0.23224537074565887","0.9356033802032472","0.8956754207611084","0.6830487251281738","0.7271542549133301","","0.7370362877845764","","","0.45537009835243225","","","","1","1","","1","","","1","","","","-0.003743410110473633","0.26822179555892944","-0.4115225672721863","-0.3679695129394531","1.822211503982544","0.13407868146896362","-0.0099065899848938","0.3964447379112244","-0.04437202215194702","0.8471863865852356","-0.15110653638839722","-0.09828269481658936","-0.4776742458343506","-0.33114105463027954","1.2098249197006226","0.018521785736083984","0.19766759872436523","0.30001139640808105","-0.3389705419540405","2.1152281761169434","0","0","0","0","2","0","0","0","0","2","0","0","0","0","2","0","0","0","0","2","1.1816085577011108","1.415194034576416","0.8970999121665955","1.374155879020691","0.950878083705902","1.0529069900512695","1.4527380466461182","0.5361648201942444","0.6852310299873352","0.6344806551933289","0.8051000237464905","1.4320003986358645","0.6759101748466492","0.7698335647583008","0.7794468998908997","0.5317195057868958","0.7081297636032104","1.4297990798950195","1.223109245300293","1.222015380859375","1","1","1","1","1","1","1","1","1","1","1","1","1","1","1","1","1","1","1","1","","","","","","","","","","","","","","","","","","","","","","","","","","","","","","","","","","","","","","","","","","","","","","","","","","","","","","","","","","","","","","","","","","","","","","","","","","","","0.742836594581604","0.882111668586731","0.26359823346138","0.9298474788665771","0.8957890868186951"
"usual-breeze-841","hr8kbt93","finished","-","","2023-05-12T19:37:57.000Z","14085","[[0,0,0,0],[0,0,0,0],[0,0,0,0],[0,0,0,0]]","nonlinear","4","2","true","true","false","0.0005","","cosine","4096","spline","12","false","false","true","1","/home/akekic/repos/multi-env-crl/checkpoints_ica","false","graph-4-8","","4","100","perfect-stochastic","gaussian","mean","10","true","0","true","","[""1.0"",""1.0"",""1.0"",""1.0""]","0","nonlinear","3","","true","[[0,0,0,0],[1,0,0,0],[0,1,0,0],[0,0,1,0],[0,0,0,1]]","1e-7","-1","","false","128","3","","1","false","false","","","99","","","","","","","","","","","","","","","","","","","","","","","","","","","","","","","-7.598479747772217","","","","","","","","","19600","","","","","","","","","","","","7.360423564910889","","-7.360423564910889","-7.389688491821289","0.9826796650886536","-3.629061222076416","-5.674173831939697","0.9809893369674684","0.9777597188949584","0.9888107180595398","0.9831588864326476","0.9095934629440308","0.7355884313583374","","0.6155619621276855","","","0.5176790952682495","","","","1","1","","1","","","1","","","","0.11469507217407228","-0.11898714303970336","0.13711434602737427","-0.025538921356201172","1.1451205015182495","0.11903637647628784","-0.05746734142303467","-0.40423136949539185","0.11415719985961914","-1.9582362174987793","0.06571400165557861","0.033228933811187744","-0.10994917154312134","0.4088484644889831","-1.7343205213546753","0.20733922719955444","0.21159738302230835","-0.29496580362319946","-0.19221723079681396","2.412060260772705","0","0","0","0","2","0","0","0","0","2","0","0","0","0","2","0","0","0","0","2","0.5102612972259521","0.966040849685669","0.9603751301765442","1.3546547889709473","0.5179998278617859","1.131658911705017","0.9759981632232666","0.7200266122817993","0.7166048884391785","0.9201714992523192","0.5457977652549744","0.6755088567733765","1.117674469947815","1.3290729522705078","0.9130694270133972","0.7708051204681396","1.2197418212890625","0.8080636858940125","0.889240562915802","1.1687495708465576","1","1","1","1","1","1","1","1","1","1","1","1","1","1","1","1","1","1","1","1","-7.360260009765625","0.9828391671180724","0.9811147451400756","0.9781309962272644","0.988853931427002","0.9832571148872375","","","","","","","","","","","","","","","","","","","","","","","","","","","","","","","","","","","","","","","","","","","","","","","","","","","","","","","","","","","","","","","","","","","","","","0.98235821723938","0.9766136407852172","0.977487862110138","0.9901487231254578","0.985182523727417"
"restful-yogurt-853","ufu21pf9","finished","-","","2023-05-12T22:03:53.000Z","6795","[[0,0,0,0],[0,0,0,0],[0,0,0,0],[0,0,0,0]]","nonlinear","9","0","true","true","false","0.0005","","cosine","4096","spline","12","false","false","true","1","/home/akekic/repos/multi-env-crl/checkpoints_ica","false","graph-4-8","","4","100","perfect-stochastic","gaussian","mean","10","true","0","true","","[""1.0"",""1.0"",""1.0"",""1.0""]","0","nonlinear","3","","true","[[0,0,0,0],[1,0,0,0],[0,1,0,0],[0,0,1,0],[0,0,0,1]]","1e-7","-1","","false","128","3","","1","false","false","","","99","","","","","","","","","","","","","","","","","","","","","","","","","","","","","","","-6.217828750610352","","","","","","","","","19600","","","","","","","","","","","","6.235751152038574","","-6.235751152038574","-6.287749767303467","0.9797442555427552","-3.99762511253357","-5.6756062507629395","0.9917333722114564","0.9582592248916626","0.9851882457733154","0.9837961792945862","0.5555233359336853","0.6001343727111816","","0.6749271154403687","","","0.45779529213905334","","","","1","1","","1","","","1","","","","-0.003743410110473633","0.26822179555892944","-0.4115225672721863","-0.3679695129394531","-2.359719753265381","0.13407868146896362","-0.0099065899848938","0.3964447379112244","-0.04437202215194702","-1.5491513013839722","-0.15110653638839722","-0.09828269481658936","-0.4776742458343506","-0.33114105463027954","1.3921703100204468","0.018521785736083984","0.19766759872436523","0.30001139640808105","-0.3389705419540405","2.328268527984619","0","0","0","0","2","0","0","0","0","2","0","0","0","0","2","0","0","0","0","2","1.1816085577011108","1.415194034576416","0.8970999121665955","1.374155879020691","1.1485224962234497","1.0529069900512695","1.4527380466461182","0.5361648201942444","0.6852310299873352","1.0008622407913208","0.8051000237464905","1.4320003986358645","0.6759101748466492","0.7698335647583008","0.8855187892913818","0.5317195057868958","0.7081297636032104","1.4297990798950195","1.223109245300293","1.3044369220733645","1","1","1","1","1","1","1","1","1","1","1","1","1","1","1","1","1","1","1","1","-6.231247425079346","0.9798504710197448","0.9917073249816896","0.958157241344452","0.9854482412338256","0.9840889573097228","","","","","","","","","","","","","","","","","","","","","","","","","","","","","","","","","","","","","","","","","","","","","","","","","","","","","","","","","","","","","","","","","","","","","","0.9827697277069092","0.9913544654846193","0.9729396104812622","0.9838230013847352","0.9829617738723756"
"glowing-sun-831","vo7kioid","finished","-","","2023-05-12T19:21:08.000Z","6988","[[0,0,0,0],[0,0,0,0],[0,0,0,0],[0,0,0,0]]","nonlinear","1","2","true","true","false","0.0005","","cosine","4096","spline","12","false","false","true","1","/home/akekic/repos/multi-env-crl/checkpoints_ica","false","graph-4-8","","4","100","perfect-stochastic","gaussian","mean","10","true","0","true","","[""1.0"",""1.0"",""1.0"",""1.0""]","0","nonlinear","3","","true","[[0,0,0,0],[1,0,0,0],[0,1,0,0],[0,0,1,0],[0,0,0,1]]","1e-7","-1","","false","128","3","","1","false","false","","","99","","","","","","","","","","","","","","","","","","","","","","","","","","","","","","","-8.049391746520996","","","","","","","","","19600","","","","","","","","","","","","7.9359660148620605","","-7.9359660148620605","-8.10869312286377","0.8536256551742554","-3.943026542663574","-5.674173831939697","0.9642543792724608","0.9193001985549928","0.5909287333488464","0.9400193691253662","0.8431482315063477","0.7896400690078735","","0.7071052193641663","","","0.5846165418624878","","","","1","1","","1","","","1","","","","0.11469507217407228","-0.11898714303970336","0.13711434602737427","-0.025538921356201172","1.156770944595337","0.11903637647628784","-0.05746734142303467","-0.40423136949539185","0.11415719985961914","-1.9445922374725344","0.06571400165557861","0.033228933811187744","-0.10994917154312134","0.4088484644889831","0.4509950876235962","0.20733922719955444","0.21159738302230835","-0.29496580362319946","-0.19221723079681396","2.497614622116089","0","0","0","0","2","0","0","0","0","2","0","0","0","0","2","0","0","0","0","2","0.5102612972259521","0.966040849685669","0.9603751301765442","1.3546547889709473","0.5006858706474304","1.131658911705017","0.9759981632232666","0.7200266122817993","0.7166048884391785","0.8905252814292908","0.5457977652549744","0.6755088567733765","1.117674469947815","1.3290729522705078","1.5659000873565674","0.7708051204681396","1.2197418212890625","0.8080636858940125","0.889240562915802","1.133424997329712","1","1","1","1","1","1","1","1","1","1","1","1","1","1","1","1","1","1","1","1","-7.941445350646973","0.8546696901321411","0.965212881565094","0.9194608330726624","0.5946804881095886","0.9393243789672852","","","","","","","","","","","","","","","","","","","","","","","","","","","","","","","","","","","","","","","","","","","","","","","","","","","","","","","","","","","","","","","","","","","","","","0.8738260269165039","0.965140163898468","0.927704691886902","0.6539090275764465","0.9485502243041992"